year,countrycode,ctrycode,country,resid_y,resid_x1,resid_x2,region,post
1960,ABW,ABW,Aruba,,,,Latin America & Caribbean,0
1965,ABW,ABW,Aruba,,,,Latin America & Caribbean,0
1970,ABW,ABW,Aruba,,,,Latin America & Caribbean,0
1977,ABW,ABW,Aruba,,,,Latin America & Caribbean,0
1980,ABW,ABW,Aruba,,,,Latin America & Caribbean,0
1985,ABW,ABW,Aruba,,,,Latin America & Caribbean,0
1990,ABW,ABW,Aruba,2.3706815,10.109273,,Latin America & Caribbean,0
1995,ABW,ABW,Aruba,-1.3385909,3.6641867,,Latin America & Caribbean,0
2000,ABW,ABW,Aruba,1.0974671,-.55700493,,Latin America & Caribbean,0
2005,ABW,ABW,Aruba,-2.8424368,-14.985352,,Latin America & Caribbean,0
2010,ABW,ABW,Aruba,-1.0042731,-7.757021,,Latin America & Caribbean,1
2015,ABW,ABW,Aruba,-.13728189,-6.904067,,Latin America & Caribbean,1
2020,ABW,ABW,,1.8544341,16.429985,,Latin America & Caribbean,1
1960,AND,AND,Andorra,,,,Europe & Central Asia,0
1965,AND,AND,Andorra,,,,Europe & Central Asia,0
1970,AND,AND,Andorra,-1.0537391,,,Europe & Central Asia,0
1977,AND,AND,Andorra,-4.1091943,,,Europe & Central Asia,0
1980,AND,AND,Andorra,-.87055087,,,Europe & Central Asia,0
1985,AND,AND,Andorra,.1137038,,,Europe & Central Asia,0
1990,AND,AND,Andorra,-1.5783663,,,Europe & Central Asia,0
1995,AND,AND,Andorra,3.413377,,,Europe & Central Asia,0
2000,AND,AND,Andorra,3.0093997,,,Europe & Central Asia,0
2005,AND,AND,Andorra,-1.7456379,,,Europe & Central Asia,0
2010,AND,AND,Andorra,1.092553,,,Europe & Central Asia,1
2015,AND,AND,Andorra,.7978555,,,Europe & Central Asia,1
2020,AND,AND,,.93059957,,,Europe & Central Asia,1
1960,ARE,ARE,United Arab Emirates,,,,Middle East & North Africa,0
1965,ARE,ARE,United Arab Emirates,,,,Middle East & North Africa,0
1970,ARE,ARE,United Arab Emirates,21.478827,,,Middle East & North Africa,0
1977,ARE,ARE,United Arab Emirates,-.29360527,8.8903465,,Middle East & North Africa,0
1980,ARE,ARE,United Arab Emirates,-.27133963,-8.2136364,,Middle East & North Africa,0
1985,ARE,ARE,United Arab Emirates,-7.1541033,-2.2342536,,Middle East & North Africa,0
1990,ARE,ARE,United Arab Emirates,2.0741148,-10.710114,,Middle East & North Africa,0
1995,ARE,ARE,United Arab Emirates,-3.1604071,-5.5076756,,Middle East & North Africa,0
2000,ARE,ARE,United Arab Emirates,-1.4832762,-9.247488,,Middle East & North Africa,0
2005,ARE,ARE,United Arab Emirates,-5.8236389,1.9175147,,Middle East & North Africa,0
2010,ARE,ARE,United Arab Emirates,-1.5583223,-1.9055573,,Middle East & North Africa,1
2015,ARE,ARE,United Arab Emirates,-2.1755891,13.731272,,Middle East & North Africa,1
2020,ARE,ARE,United Arab Emirates,-1.6326593,13.279592,,Middle East & North Africa,1
1960,ATG,ATG,Antigua and Barbuda,,,,Latin America & Caribbean,0
1965,ATG,ATG,Antigua and Barbuda,,,,Latin America & Caribbean,0
1970,ATG,ATG,Antigua and Barbuda,,,,Latin America & Caribbean,0
1977,ATG,ATG,Antigua and Barbuda,.76562351,22.921049,,Latin America & Caribbean,0
1980,ATG,ATG,Antigua and Barbuda,3.1195066,5.6084132,,Latin America & Caribbean,0
1985,ATG,ATG,Antigua and Barbuda,4.2609115,-1.6470826,,Latin America & Caribbean,0
1990,ATG,ATG,Antigua and Barbuda,1.6634264,-1.0297725,,Latin America & Caribbean,0
1995,ATG,ATG,Antigua and Barbuda,-1.8817662,7.6582665,,Latin America & Caribbean,0
2000,ATG,ATG,Antigua and Barbuda,-1.6557529,10.461161,,Latin America & Caribbean,0
2005,ATG,ATG,Antigua and Barbuda,.017900968,-3.6811247,,Latin America & Caribbean,0
2010,ATG,ATG,Antigua and Barbuda,-4.3031421,2.6668718,,Latin America & Caribbean,1
2015,ATG,ATG,Antigua and Barbuda,.21928641,-20.624783,,Latin America & Caribbean,1
2020,ATG,ATG,,-2.2059941,-22.332998,,Latin America & Caribbean,1
1960,AUS,AUS,Australia,-1.071448,-13.675856,,East Asia & Pacific,0
1965,AUS,AUS,Australia,-.2079535,-15.795196,,East Asia & Pacific,0
1970,AUS,AUS,Australia,-1.6501828,-20.394053,,East Asia & Pacific,0
1977,AUS,AUS,Australia,-1.4969392,-24.618759,,East Asia & Pacific,0
1980,AUS,AUS,Australia,.71876872,-28.244513,,East Asia & Pacific,0
1985,AUS,AUS,Australia,.61717552,-17.916983,,East Asia & Pacific,0
1990,AUS,AUS,Australia,1.2339059,-9.8504276,,East Asia & Pacific,0
1995,AUS,AUS,Australia,1.0542696,-1.6960421,,East Asia & Pacific,0
2000,AUS,AUS,Australia,.05995322,10.0071,,East Asia & Pacific,0
2005,AUS,AUS,Australia,.44405383,18.340618,,East Asia & Pacific,0
2010,AUS,AUS,Australia,.19395621,26.208185,,East Asia & Pacific,1
2015,AUS,AUS,Australia,-.39902228,41.719872,,East Asia & Pacific,1
2020,AUS,AUS,Australia,.50346285,35.916054,,East Asia & Pacific,1
1960,AUT,AUT,Austria,-.1833258,-4.9097075,,Europe & Central Asia,0
1965,AUT,AUT,Austria,-.48266289,-3.3432148,,Europe & Central Asia,0
1970,AUT,AUT,Austria,.62262636,-3.1043198,,Europe & Central Asia,0
1977,AUT,AUT,Austria,-.095047466,3.7491407,,Europe & Central Asia,0
1980,AUT,AUT,Austria,.82466674,13.106076,,Europe & Central Asia,0
1985,AUT,AUT,Austria,.22782788,12.542508,,Europe & Central Asia,0
1990,AUT,AUT,Austria,1.6354539,14.140663,,Europe & Central Asia,0
1995,AUT,AUT,Austria,.50999302,13.734449,.0008363396,Europe & Central Asia,0
2000,AUT,AUT,Austria,-.88111567,2.111727,-.0008363396,Europe & Central Asia,0
2005,AUT,AUT,Austria,-.096888207,-9.889308,,Europe & Central Asia,0
2010,AUT,AUT,Austria,-.53164285,-9.404686,,Europe & Central Asia,1
2015,AUT,AUT,Austria,-.46800402,-15.096437,,Europe & Central Asia,1
2020,AUT,AUT,Austria,-1.0818809,-13.636892,,Europe & Central Asia,1
1960,BEL,BEL,Belgium,.66165692,3.0197513,,Europe & Central Asia,0
1965,BEL,BEL,Belgium,-.6009196,2.0130265,,Europe & Central Asia,0
1970,BEL,BEL,Belgium,.76431209,-1.2340215,,Europe & Central Asia,0
1977,BEL,BEL,Belgium,-1.3941983,-1.6290169,,Europe & Central Asia,0
1980,BEL,BEL,Belgium,1.0664811,-3.8463557,,Europe & Central Asia,0
1985,BEL,BEL,Belgium,.32073486,-8.5030851,,Europe & Central Asia,0
1990,BEL,BEL,Belgium,1.3016442,12.563094,-.0076813768,Europe & Central Asia,0
1995,BEL,BEL,Belgium,.14056718,22.282984,.0010918215,Europe & Central Asia,0
2000,BEL,BEL,Belgium,-.57950133,7.9525418,.0065895552,Europe & Central Asia,0
2005,BEL,BEL,Belgium,-.45051575,-8.6123343,,Europe & Central Asia,0
2010,BEL,BEL,Belgium,-.6545772,-15.662814,,Europe & Central Asia,1
2015,BEL,BEL,Belgium,-.53411263,-5.087512,,Europe & Central Asia,1
2020,BEL,BEL,Belgium,-.041571517,-3.2562563,,Europe & Central Asia,1
1960,BHR,BHR,Bahrain,,,,Middle East & North Africa,0
1965,BHR,BHR,Bahrain,,,,Middle East & North Africa,0
1970,BHR,BHR,Bahrain,1.3561867,4.7174516,,Middle East & North Africa,0
1977,BHR,BHR,Bahrain,1.9476066,14.490832,,Middle East & North Africa,0
1980,BHR,BHR,Bahrain,-2.3660152,10.601914,,Middle East & North Africa,0
1985,BHR,BHR,Bahrain,-2.2685003,4.0460181,,Middle East & North Africa,0
1990,BHR,BHR,Bahrain,5.695302,-11.643174,,Middle East & North Africa,0
1995,BHR,BHR,Bahrain,.16899939,-10.45806,,Middle East & North Africa,0
2000,BHR,BHR,Bahrain,-2.4073708,-4.0880551,,Middle East & North Africa,0
2005,BHR,BHR,Bahrain,-1.9284616,-5.5994315,,Middle East & North Africa,0
2010,BHR,BHR,Bahrain,.79402965,-5.7450514,,Middle East & North Africa,1
2015,BHR,BHR,Bahrain,-.63010079,3.6775551,,Middle East & North Africa,1
2020,BHR,BHR,Bahrain,-.36167604,,,Middle East & North Africa,1
1960,BHS,BHS,"Bahamas, The",3.3419833,,,Latin America & Caribbean,0
1965,BHS,BHS,"Bahamas, The",2.4016125,49.981823,,Latin America & Caribbean,0
1970,BHS,BHS,"Bahamas, The",-8.3939304,27.708374,,Latin America & Caribbean,0
1977,BHS,BHS,"Bahamas, The",3.2233739,16.707914,,Latin America & Caribbean,0
1980,BHS,BHS,"Bahamas, The",3.4471972,-.36812508,,Latin America & Caribbean,0
1985,BHS,BHS,"Bahamas, The",1.0993052,-8.5285578,,Latin America & Caribbean,0
1990,BHS,BHS,"Bahamas, The",-1.8855903,-5.597178,,Latin America & Caribbean,0
1995,BHS,BHS,"Bahamas, The",1.37122,-6.458077,,Latin America & Caribbean,0
2000,BHS,BHS,Bahamas,-1.0042412,-12.085447,-2.7755576e-17,Latin America & Caribbean,0
2005,BHS,BHS,Bahamas,-1.5751592,-15.761722,,Latin America & Caribbean,0
2010,BHS,BHS,Bahamas,-1.0664184,-10.341859,,Latin America & Caribbean,1
2015,BHS,BHS,Bahamas,-1.1894182,-20.653908,,Latin America & Caribbean,1
2020,BHS,BHS,Bahamas,.23006561,-14.603238,,Latin America & Caribbean,1
1960,BMU,BMU,Bermuda,-.49412563,,,North America,0
1965,BMU,BMU,Bermuda,1.681479,,,North America,0
1970,BMU,BMU,Bermuda,-1.4722974,,,North America,0
1977,BMU,BMU,Bermuda,1.8735601,,,North America,0
1980,BMU,BMU,Bermuda,1.2578748,,,North America,0
1985,BMU,BMU,Bermuda,.082599461,,,North America,0
1990,BMU,BMU,Bermuda,-.34490833,,,North America,0
1995,BMU,BMU,Bermuda,1.190388,,,North America,0
2000,BMU,BMU,Bermuda,1.7430968,,,North America,0
2005,BMU,BMU,Bermuda,-.28110236,,,North America,0
2010,BMU,BMU,Bermuda,-3.9506056,,,North America,1
2015,BMU,BMU,Bermuda,-1.116152,,,North America,1
2020,BMU,BMU,,-.16980657,,,North America,1
1960,BRB,BRB,Barbados,-.14412159,,,Latin America & Caribbean,0
1965,BRB,BRB,Barbados,3.7445312,19.204082,,Latin America & Caribbean,0
1970,BRB,BRB,Barbados,-1.0184652,22.354437,,Latin America & Caribbean,0
1977,BRB,BRB,Barbados,1.3067755,-1.4220788,,Latin America & Caribbean,0
1980,BRB,BRB,Barbados,.51756746,-5.1915016,,Latin America & Caribbean,0
1985,BRB,BRB,Barbados,1.3198929,-11.028231,,Latin America & Caribbean,0
1990,BRB,BRB,Barbados,-1.7815708,-14.605167,,Latin America & Caribbean,0
1995,BRB,BRB,Barbados,.94153243,-12.719746,-1.3877788e-17,Latin America & Caribbean,0
2000,BRB,BRB,Barbados,-1.1082768,-4.5007296,,Latin America & Caribbean,0
2005,BRB,BRB,Barbados,.16944939,-5.4834695,,Latin America & Caribbean,0
2010,BRB,BRB,Barbados,-2.243495,6.6734357,,Latin America & Caribbean,1
2015,BRB,BRB,Barbados,-1.7987813,6.7189689,,Latin America & Caribbean,1
2020,BRB,BRB,Barbados,.094962053,,,Latin America & Caribbean,1
1960,BRN,BRN,Brunei Darussalam,,,,East Asia & Pacific,0
1965,BRN,BRN,Brunei Darussalam,,,,East Asia & Pacific,0
1970,BRN,BRN,Brunei Darussalam,,,,East Asia & Pacific,0
1977,BRN,BRN,Brunei Darussalam,10.758711,,,East Asia & Pacific,0
1980,BRN,BRN,Brunei Darussalam,-4.452549,,,East Asia & Pacific,0
1985,BRN,BRN,Brunei Darussalam,-3.3773382,,,East Asia & Pacific,0
1990,BRN,BRN,Brunei Darussalam,1.0223482,,,East Asia & Pacific,0
1995,BRN,BRN,Brunei Darussalam,-.71783245,33.627602,,East Asia & Pacific,0
2000,BRN,BRN,Brunei Darussalam,.45665753,19.762501,,East Asia & Pacific,0
2005,BRN,BRN,Brunei Darussalam,-1.7390152,-12.063813,,East Asia & Pacific,0
2010,BRN,BRN,Brunei Darussalam,-.47845918,-17.841818,,East Asia & Pacific,1
2015,BRN,BRN,Brunei Darussalam,-.85939044,-7.7721276,,East Asia & Pacific,1
2020,BRN,BRN,Brunei Darussalam,-.6131326,-15.712346,,East Asia & Pacific,1
1960,CAN,CAN,Canada,.43571132,-17.971088,,North America,0
1965,CAN,CAN,Canada,-.023335896,-12.022273,,North America,0
1970,CAN,CAN,Canada,-.83583063,-10.118778,,North America,0
1977,CAN,CAN,Canada,-.11452626,-5.6697097,,North America,0
1980,CAN,CAN,Canada,1.1024667,3.6444137,.012970229,North America,0
1985,CAN,CAN,Canada,.50135839,-1.5250973,,North America,0
1990,CAN,CAN,Canada,.27750608,-.62712705,.010315847,North America,0
1995,CAN,CAN,Canada,.61414719,-1.8471326,,North America,0
2000,CAN,CAN,Canada,-.11190783,23.402897,-.023286076,North America,0
2005,CAN,CAN,Canada,-.63837582,22.733896,,North America,0
2010,CAN,CAN,Canada,.57355195,,,North America,1
2015,CAN,CAN,Canada,-.69813263,,,North America,1
2020,CAN,CAN,Canada,-1.0826325,,,North America,1
1960,CHE,CHE,Switzerland,1.2020097,1.4521093,,Europe & Central Asia,0
1965,CHE,CHE,Switzerland,-.56945634,-5.8194857,,Europe & Central Asia,0
1970,CHE,CHE,Switzerland,.084189273,,,Europe & Central Asia,0
1977,CHE,CHE,Switzerland,-2.6934566,,,Europe & Central Asia,0
1980,CHE,CHE,Switzerland,1.7083589,-11.1208,,Europe & Central Asia,0
1985,CHE,CHE,Switzerland,.9014529,5.8357935,,Europe & Central Asia,0
1990,CHE,CHE,Switzerland,.47922128,9.1602879,,Europe & Central Asia,0
1995,CHE,CHE,Switzerland,-.51013625,6.8315496,,Europe & Central Asia,0
2000,CHE,CHE,Switzerland,-.99997032,-3.8532114,,Europe & Central Asia,0
2005,CHE,CHE,Switzerland,.53241903,-11.2891,,Europe & Central Asia,0
2010,CHE,CHE,Switzerland,.11360341,-.69227254,-.002284423,Europe & Central Asia,1
2015,CHE,CHE,Switzerland,-.37239161,9.4951286,.002284423,Europe & Central Asia,1
2020,CHE,CHE,Switzerland,.12415663,,,Europe & Central Asia,1
1960,CHI,CHI,Channel Islands,,,,Europe & Central Asia,0
1965,CHI,CHI,Channel Islands,,,,Europe & Central Asia,0
1970,CHI,CHI,Channel Islands,,,,Europe & Central Asia,0
1977,CHI,CHI,Channel Islands,,,,Europe & Central Asia,0
1980,CHI,CHI,Channel Islands,,,,Europe & Central Asia,0
1985,CHI,CHI,Channel Islands,,,,Europe & Central Asia,0
1990,CHI,CHI,Channel Islands,,,,Europe & Central Asia,0
1995,CHI,CHI,Channel Islands,,,,Europe & Central Asia,0
2000,CHI,CHI,Channel Islands,,,,Europe & Central Asia,0
2005,CHI,CHI,Channel Islands,,,,Europe & Central Asia,0
2010,CHI,CHI,Channel Islands,-1.917006,,,Europe & Central Asia,1
2015,CHI,CHI,Channel Islands,.037124127,,,Europe & Central Asia,1
2020,CHI,CHI,,1.8798819,,,Europe & Central Asia,1
1960,CHL,CHL,Chile,-1.5741771,2.8745241,,Latin America & Caribbean,0
1965,CHL,CHL,Chile,-1.6442817,-6.6954556,,Latin America & Caribbean,0
1970,CHL,CHL,Chile,-4.7150726,-15.180033,,Latin America & Caribbean,0
1977,CHL,CHL,Chile,-2.194663,-9.1576357,,Latin America & Caribbean,0
1980,CHL,CHL,Chile,-2.1330028,23.528181,,Latin America & Caribbean,0
1985,CHL,CHL,Chile,1.5289984,8.5787954,.0022310121,Latin America & Caribbean,0
1990,CHL,CHL,Chile,4.1088481,-4.0487404,.0078545334,Latin America & Caribbean,0
1995,CHL,CHL,Chile,1.4444388,-.5297187,.0051620491,Latin America & Caribbean,0
2000,CHL,CHL,Chile,.74692613,3.8030982,.0019394191,Latin America & Caribbean,0
2005,CHL,CHL,Chile,1.7928185,-8.1473398,-.0036331888,Latin America & Caribbean,0
2010,CHL,CHL,Chile,2.6540041,-4.5555305,-.0058709704,Latin America & Caribbean,1
2015,CHL,CHL,Chile,-.63309693,7.6939321,-.0076828552,Latin America & Caribbean,1
2020,CHL,CHL,Chile,.6182602,1.8359218,,Latin America & Caribbean,1
1960,CUW,CUW,Curaçao,,,,Latin America & Caribbean,0
1965,CUW,CUW,Curaçao,,,,Latin America & Caribbean,0
1970,CUW,CUW,Curaçao,,,,Latin America & Caribbean,0
1977,CUW,CUW,Curaçao,,,,Latin America & Caribbean,0
1980,CUW,CUW,Curaçao,,,,Latin America & Caribbean,0
1985,CUW,CUW,Curaçao,,,,Latin America & Caribbean,0
1990,CUW,CUW,Curaçao,,,,Latin America & Caribbean,0
1995,CUW,CUW,Curaçao,,,,Latin America & Caribbean,0
2000,CUW,CUW,Curaçao,.15989217,,,Latin America & Caribbean,0
2005,CUW,CUW,Curaçao,.64097708,,,Latin America & Caribbean,0
2010,CUW,CUW,Curaçao,-.48147154,,,Latin America & Caribbean,1
2015,CUW,CUW,Curaçao,-1.3822776,,,Latin America & Caribbean,1
2020,CUW,CUW,,1.0628798,,,Latin America & Caribbean,1
1960,CYM,CYM,Cayman Islands,,,,Latin America & Caribbean,0
1965,CYM,CYM,Cayman Islands,,,,Latin America & Caribbean,0
1970,CYM,CYM,Cayman Islands,,,,Latin America & Caribbean,0
1977,CYM,CYM,Cayman Islands,,,,Latin America & Caribbean,0
1980,CYM,CYM,Cayman Islands,,,,Latin America & Caribbean,0
1985,CYM,CYM,Cayman Islands,,,,Latin America & Caribbean,0
1990,CYM,CYM,Cayman Islands,,,,Latin America & Caribbean,0
1995,CYM,CYM,Cayman Islands,,,,Latin America & Caribbean,0
2000,CYM,CYM,Cayman Islands,,,,Latin America & Caribbean,0
2005,CYM,CYM,Cayman Islands,,,,Latin America & Caribbean,0
2010,CYM,CYM,Cayman Islands,-1.5899675,,,Latin America & Caribbean,1
2015,CYM,CYM,Cayman Islands,.93948591,,,Latin America & Caribbean,1
2020,CYM,CYM,,.65048158,,,Latin America & Caribbean,1
1960,CYP,CYP,Cyprus,,,,Europe & Central Asia,0
1965,CYP,CYP,Cyprus,,,,Europe & Central Asia,0
1970,CYP,CYP,Cyprus,,,,Europe & Central Asia,0
1977,CYP,CYP,Cyprus,7.2533464,-11.019336,,Europe & Central Asia,0
1980,CYP,CYP,Cyprus,1.1872706,-27.246504,,Europe & Central Asia,0
1985,CYP,CYP,Cyprus,.42714563,-20.195848,,Europe & Central Asia,0
1990,CYP,CYP,Cyprus,.12131649,9.2466784,,Europe & Central Asia,0
1995,CYP,CYP,Cyprus,-1.0718944,24.904593,,Europe & Central Asia,0
2000,CYP,CYP,Cyprus,-1.3581755,-12.485164,,Europe & Central Asia,0
2005,CYP,CYP,Cyprus,-1.8451155,36.795582,-.0036488008,Europe & Central Asia,0
2010,CYP,CYP,Cyprus,-6.0317993,,-.0019420917,Europe & Central Asia,1
2015,CYP,CYP,Cyprus,.96530342,,.0055908924,Europe & Central Asia,1
2020,CYP,CYP,Cyprus,.35260251,,,Europe & Central Asia,1
1960,CZE,CZE,Czech Republic,,,,Europe & Central Asia,0
1965,CZE,CZE,Czech Republic,,,,Europe & Central Asia,0
1970,CZE,CZE,Czech Republic,,,,Europe & Central Asia,0
1977,CZE,CZE,Czech Republic,,,,Europe & Central Asia,0
1980,CZE,CZE,Czech Republic,,,,Europe & Central Asia,0
1985,CZE,CZE,Czech Republic,,,,Europe & Central Asia,0
1990,CZE,CZE,Czech Republic,-2.5035305,32.352119,,Europe & Central Asia,0
1995,CZE,CZE,Czech Republic,-.34102577,23.057991,.0010009834,Europe & Central Asia,0
2000,CZE,CZE,Czechia,.60195696,-8.7171354,-.0044011995,Europe & Central Asia,0
2005,CZE,CZE,Czechia,1.455889,-18.086981,-.0029292121,Europe & Central Asia,0
2010,CZE,CZE,Czechia,-.25635457,-12.071643,.004369257,Europe & Central Asia,1
2015,CZE,CZE,Czechia,1.9260908,-7.1465778,.0019601709,Europe & Central Asia,1
2020,CZE,CZE,Czechia,-.883026,-9.3877726,,Europe & Central Asia,1
1960,DEU,DEU,Germany,-.053177722,,,Europe & Central Asia,0
1965,DEU,DEU,Germany,-.57085359,,,Europe & Central Asia,0
1970,DEU,DEU,Germany,-.7572307,12.119908,,Europe & Central Asia,0
1977,DEU,DEU,Germany,.11713859,12.213864,,Europe & Central Asia,0
1980,DEU,DEU,Germany,.91712123,18.90173,,Europe & Central Asia,0
1985,DEU,DEU,Germany,.34451163,14.568985,,Europe & Central Asia,0
1990,DEU,DEU,Germany,2.1718783,9.0244427,,Europe & Central Asia,0
1995,DEU,DEU,Germany,-.49341154,16.971628,,Europe & Central Asia,0
2000,DEU,DEU,Germany,-1.4393473,15.552012,-.0012793528,Europe & Central Asia,0
2005,DEU,DEU,Germany,-.4119314,-12.63246,.0064435769,Europe & Central Asia,0
2010,DEU,DEU,Germany,1.2124693,-26.978567,-.0051642242,Europe & Central Asia,1
2015,DEU,DEU,Germany,-.28892598,-29.268608,,Europe & Central Asia,1
2020,DEU,DEU,Germany,-.74824077,-30.472937,,Europe & Central Asia,1
1960,DNK,DNK,Denmark,.92319542,,,Europe & Central Asia,0
1965,DNK,DNK,Denmark,.4698182,,,Europe & Central Asia,0
1970,DNK,DNK,Denmark,-2.1132584,,,Europe & Central Asia,0
1977,DNK,DNK,Denmark,-.73556721,,,Europe & Central Asia,0
1980,DNK,DNK,Denmark,1.4510893,,,Europe & Central Asia,0
1985,DNK,DNK,Denmark,-.11992806,,,Europe & Central Asia,0
1990,DNK,DNK,Denmark,1.7213916,,-.021380933,Europe & Central Asia,0
1995,DNK,DNK,Denmark,.3100318,,,Europe & Central Asia,0
2000,DNK,DNK,Denmark,-.94277656,-12.523975,.0097103324,Europe & Central Asia,0
2005,DNK,DNK,Denmark,-1.1539601,18.687063,.0085327988,Europe & Central Asia,0
2010,DNK,DNK,Denmark,-.65027124,11.079165,.0087088728,Europe & Central Asia,1
2015,DNK,DNK,Denmark,.0041611483,-3.5400529,-.0055710706,Europe & Central Asia,1
2020,DNK,DNK,Denmark,.83607429,-13.702202,,Europe & Central Asia,1
1960,ESP,ESP,Spain,3.3454723,,,Europe & Central Asia,0
1965,ESP,ESP,Spain,.8035233,,,Europe & Central Asia,0
1970,ESP,ESP,Spain,.32647055,4.3188868,,Europe & Central Asia,0
1977,ESP,ESP,Spain,-2.7588561,2.8467355,,Europe & Central Asia,0
1980,ESP,ESP,Spain,-.1037421,-3.5608373,,Europe & Central Asia,0
1985,ESP,ESP,Spain,1.1837054,-13.891026,,Europe & Central Asia,0
1990,ESP,ESP,Spain,.96778685,-16.659452,-.0059216209,Europe & Central Asia,0
1995,ESP,ESP,Spain,.55364013,-22.090031,.0054939133,Europe & Central Asia,0
2000,ESP,ESP,Spain,-.28589711,3.3182728,.0055407174,Europe & Central Asia,0
2005,ESP,ESP,Spain,-1.2608479,42.807209,-.0032646561,Europe & Central Asia,0
2010,ESP,ESP,Spain,-2.2706006,33.944778,.0036809749,Europe & Central Asia,1
2015,ESP,ESP,Spain,.51011163,-10.844919,-.0055293282,Europe & Central Asia,1
2020,ESP,ESP,Spain,-1.0107664,-20.189617,,Europe & Central Asia,1
1960,EST,EST,Estonia,,,,Europe & Central Asia,0
1965,EST,EST,Estonia,,,,Europe & Central Asia,0
1970,EST,EST,Estonia,,,,Europe & Central Asia,0
1977,EST,EST,Estonia,,,,Europe & Central Asia,0
1980,EST,EST,Estonia,,,,Europe & Central Asia,0
1985,EST,EST,Estonia,,,,Europe & Central Asia,0
1990,EST,EST,Estonia,-8.6179237,,,Europe & Central Asia,0
1995,EST,EST,Estonia,2.3199303,-15.556242,.00077643833,Europe & Central Asia,0
2000,EST,EST,Estonia,4.1358013,-4.6898594,-.0069373385,Europe & Central Asia,0
2005,EST,EST,Estonia,.14330135,14.276403,.007050754,Europe & Central Asia,0
2010,EST,EST,Estonia,2.1419044,9.6947641,-.00077610154,Europe & Central Asia,1
2015,EST,EST,Estonia,1.4229853,1.7710009,-.00011375253,Europe & Central Asia,1
2020,EST,EST,Estonia,-1.5459986,-5.496067,,Europe & Central Asia,1
1960,FIN,FIN,Finland,-.26099601,12.891102,,Europe & Central Asia,0
1965,FIN,FIN,Finland,-.55422705,7.5514402,,Europe & Central Asia,0
1970,FIN,FIN,Finland,.72760016,2.1429343,,Europe & Central Asia,0
1977,FIN,FIN,Finland,-1.2816771,-1.4712688,,Europe & Central Asia,0
1980,FIN,FIN,Finland,2.1018889,-.84740168,,Europe & Central Asia,0
1985,FIN,FIN,Finland,1.3568128,11.44144,,Europe & Central Asia,0
1990,FIN,FIN,Finland,-1.6432685,15.436177,,Europe & Central Asia,0
1995,FIN,FIN,Finland,2.0098188,-15.320651,.0035916152,Europe & Central Asia,0
2000,FIN,FIN,Finland,.54991472,-17.9331,.004130933,Europe & Central Asia,0
2005,FIN,FIN,Finland,-.50478888,-16.588118,.0020446822,Europe & Central Asia,0
2010,FIN,FIN,Finland,-1.1355846,-2.6959872,-.0068767848,Europe & Central Asia,1
2015,FIN,FIN,Finland,-.19975781,3.6497488,-.0028904455,Europe & Central Asia,1
2020,FIN,FIN,Finland,-1.1657354,1.7436841,,Europe & Central Asia,1
1960,FRA,FRA,France,.96298689,-11.634537,,Europe & Central Asia,0
1965,FRA,FRA,France,.21376005,-12.067039,,Europe & Central Asia,0
1970,FRA,FRA,France,.44969627,-11.161769,,Europe & Central Asia,0
1977,FRA,FRA,France,-.56125343,.2834425,,Europe & Central Asia,0
1980,FRA,FRA,France,.81275326,13.876037,,Europe & Central Asia,0
1985,FRA,FRA,France,.41585389,15.092756,,Europe & Central Asia,0
1990,FRA,FRA,France,1.0851953,15.9261,,Europe & Central Asia,0
1995,FRA,FRA,France,.075211257,2.4723294,,Europe & Central Asia,0
2000,FRA,FRA,France,-.87840933,-7.4060426,-.00010715347,Europe & Central Asia,0
2005,FRA,FRA,France,-.81741863,-13.512322,-.0083707534,Europe & Central Asia,0
2010,FRA,FRA,France,-.50115007,-5.5456438,.0033289404,Europe & Central Asia,1
2015,FRA,FRA,France,-.49984238,1.0231912,.0051489659,Europe & Central Asia,1
2020,FRA,FRA,France,-.75738293,12.653498,,Europe & Central Asia,1
1960,FRO,FRO,Faroe Islands,,,,Europe & Central Asia,0
1965,FRO,FRO,Faroe Islands,,,,Europe & Central Asia,0
1970,FRO,FRO,Faroe Islands,,,,Europe & Central Asia,0
1977,FRO,FRO,Faroe Islands,,,,Europe & Central Asia,0
1980,FRO,FRO,Faroe Islands,,,,Europe & Central Asia,0
1985,FRO,FRO,Faroe Islands,,,,Europe & Central Asia,0
1990,FRO,FRO,Faroe Islands,,,,Europe & Central Asia,0
1995,FRO,FRO,Faroe Islands,,,,Europe & Central Asia,0
2000,FRO,FRO,Faroe Islands,,,,Europe & Central Asia,0
2005,FRO,FRO,Faroe Islands,,,,Europe & Central Asia,0
2010,FRO,FRO,Faroe Islands,1.9287621,,,Europe & Central Asia,1
2015,FRO,FRO,Faroe Islands,-1.2780541,,,Europe & Central Asia,1
2020,FRO,FRO,,-.65070796,,,Europe & Central Asia,1
1960,GBR,GBR,United Kingdom,-.50104779,-32.096718,,Europe & Central Asia,0
1965,GBR,GBR,United Kingdom,-1.4776399,-37.490051,,Europe & Central Asia,0
1970,GBR,GBR,United Kingdom,-1.3087969,-36.619923,,Europe & Central Asia,0
1977,GBR,GBR,United Kingdom,-.61678851,-41.588554,,Europe & Central Asia,0
1980,GBR,GBR,United Kingdom,.71116287,-38.520355,,Europe & Central Asia,0
1985,GBR,GBR,United Kingdom,1.8820382,-.23428777,,Europe & Central Asia,0
1990,GBR,GBR,United Kingdom,1.1735661,12.705457,-.011794891,Europe & Central Asia,0
1995,GBR,GBR,United Kingdom,1.0482454,8.2799139,.010201109,Europe & Central Asia,0
2000,GBR,GBR,United Kingdom,.35154319,26.927134,,Europe & Central Asia,0
2005,GBR,GBR,United Kingdom,-.90292513,53.614986,.0037253008,Europe & Central Asia,0
2010,GBR,GBR,United Kingdom,.25510946,44.350735,.00048096199,Europe & Central Asia,1
2015,GBR,GBR,United Kingdom,-.055646449,19.183229,-.00261248,Europe & Central Asia,1
2020,GBR,GBR,United Kingdom,-.55882055,21.488436,,Europe & Central Asia,1
1960,GIB,GIB,Gibraltar,,,,Europe & Central Asia,0
1965,GIB,GIB,Gibraltar,,,,Europe & Central Asia,0
1970,GIB,GIB,Gibraltar,,,,Europe & Central Asia,0
1977,GIB,GIB,Gibraltar,,,,Europe & Central Asia,0
1980,GIB,GIB,Gibraltar,,,,Europe & Central Asia,0
1985,GIB,GIB,Gibraltar,,,,Europe & Central Asia,0
1990,GIB,GIB,Gibraltar,,,,Europe & Central Asia,0
1995,GIB,GIB,Gibraltar,,,,Europe & Central Asia,0
2000,GIB,GIB,Gibraltar,,,,Europe & Central Asia,0
2005,GIB,GIB,Gibraltar,,,,Europe & Central Asia,0
2010,GIB,GIB,Gibraltar,,,,Europe & Central Asia,1
2015,GIB,GIB,Gibraltar,,,,Europe & Central Asia,1
2020,GIB,GIB,,,,,Europe & Central Asia,1
1960,GRC,GRC,Greece,3.2126811,3.5634489,,Europe & Central Asia,0
1965,GRC,GRC,Greece,3.0279279,-3.0783122,,Europe & Central Asia,0
1970,GRC,GRC,Greece,.96575314,-8.0923243,,Europe & Central Asia,0
1977,GRC,GRC,Greece,.99307173,-1.2259488,,Europe & Central Asia,0
1980,GRC,GRC,Greece,-1.272465,3.6623056,,Europe & Central Asia,0
1985,GRC,GRC,Greece,-1.0245452,-5.118474,,Europe & Central Asia,0
1990,GRC,GRC,Greece,-.43525469,-19.322323,,Europe & Central Asia,0
1995,GRC,GRC,Greece,-.5171001,-22.989611,,Europe & Central Asia,0
2000,GRC,GRC,Greece,1.7006317,-3.5944254,.006212702,Europe & Central Asia,0
2005,GRC,GRC,Greece,-.1529343,4.3049827,-.0066498532,Europe & Central Asia,0
2010,GRC,GRC,Greece,-6.2216763,38.580578,.012609342,Europe & Central Asia,1
2015,GRC,GRC,Greece,-1.0421945,25.076988,-.012172191,Europe & Central Asia,1
2020,GRC,GRC,Greece,.76610482,-11.766887,,Europe & Central Asia,1
1960,GRL,GRL,Greenland,,,,Europe & Central Asia,0
1965,GRL,GRL,Greenland,,,,Europe & Central Asia,0
1970,GRL,GRL,Greenland,1.0578097,,,Europe & Central Asia,0
1977,GRL,GRL,Greenland,1.6540555,,,Europe & Central Asia,0
1980,GRL,GRL,Greenland,-1.2434156,,,Europe & Central Asia,0
1985,GRL,GRL,Greenland,1.8647357,,,Europe & Central Asia,0
1990,GRL,GRL,Greenland,-4.0450487,,,Europe & Central Asia,0
1995,GRL,GRL,Greenland,-.15924239,,,Europe & Central Asia,0
2000,GRL,GRL,Greenland,.27509069,,,Europe & Central Asia,0
2005,GRL,GRL,Greenland,2.4895077,,,Europe & Central Asia,0
2010,GRL,GRL,Greenland,-.30694738,,,Europe & Central Asia,1
2015,GRL,GRL,Greenland,-.80237442,,,Europe & Central Asia,1
2020,GRL,GRL,,-.78417087,,,Europe & Central Asia,1
1960,GUM,GUM,Guam,,,,East Asia & Pacific,0
1965,GUM,GUM,Guam,,,,East Asia & Pacific,0
1970,GUM,GUM,Guam,,,,East Asia & Pacific,0
1977,GUM,GUM,Guam,,,,East Asia & Pacific,0
1980,GUM,GUM,Guam,,,,East Asia & Pacific,0
1985,GUM,GUM,Guam,,,,East Asia & Pacific,0
1990,GUM,GUM,Guam,,,,East Asia & Pacific,0
1995,GUM,GUM,Guam,,,,East Asia & Pacific,0
2000,GUM,GUM,Guam,,,,East Asia & Pacific,0
2005,GUM,GUM,Guam,.19270317,,,East Asia & Pacific,0
2010,GUM,GUM,Guam,1.3249867,,,East Asia & Pacific,1
2015,GUM,GUM,Guam,.51336294,,,East Asia & Pacific,1
2020,GUM,GUM,Guam,-2.0310528,,,East Asia & Pacific,1
1960,HKG,HKG,"Hong Kong SAR, China",,,,East Asia & Pacific,0
1965,HKG,HKG,"Hong Kong SAR, China",-2.7638943,,,East Asia & Pacific,0
1970,HKG,HKG,"Hong Kong SAR, China",-1.7058363,,,East Asia & Pacific,0
1977,HKG,HKG,"Hong Kong SAR, China",1.3579487,,,East Asia & Pacific,0
1980,HKG,HKG,"Hong Kong SAR, China",2.9606273,,,East Asia & Pacific,0
1985,HKG,HKG,"Hong Kong SAR, China",1.8478523,,,East Asia & Pacific,0
1990,HKG,HKG,"Hong Kong SAR, China",2.7676992,-21.355354,,East Asia & Pacific,0
1995,HKG,HKG,"Hong Kong SAR, China",-3.6048775,-7.5031223,,East Asia & Pacific,0
2000,HKG,HKG,"Hong Kong, China",-.026531661,-26.831276,,East Asia & Pacific,0
2005,HKG,HKG,"Hong Kong, China",1.2756239,-49.599064,,East Asia & Pacific,0
2010,HKG,HKG,"Hong Kong, China",1.0091405,15.185743,,East Asia & Pacific,1
2015,HKG,HKG,"Hong Kong, China",-1.1650996,30.391842,,East Asia & Pacific,1
2020,HKG,HKG,"Hong Kong, China",-1.9526527,59.711235,,East Asia & Pacific,1
1960,HRV,HRV,Croatia,,,,Europe & Central Asia,0
1965,HRV,HRV,Croatia,,,,Europe & Central Asia,0
1970,HRV,HRV,Croatia,,,,Europe & Central Asia,0
1977,HRV,HRV,Croatia,,,,Europe & Central Asia,0
1980,HRV,HRV,Croatia,,,,Europe & Central Asia,0
1985,HRV,HRV,Croatia,,,,Europe & Central Asia,0
1990,HRV,HRV,Croatia,-8.2951555,,,Europe & Central Asia,0
1995,HRV,HRV,Croatia,1.6781886,-6.009078,,Europe & Central Asia,0
2000,HRV,HRV,Croatia,2.2390211,-1.0771581,,Europe & Central Asia,0
2005,HRV,HRV,Croatia,.55807531,2.3143597,,Europe & Central Asia,0
2010,HRV,HRV,Croatia,-1.8641353,10.990993,-.0042826878,Europe & Central Asia,1
2015,HRV,HRV,Croatia,2.4043298,-.067324184,.0042826878,Europe & Central Asia,1
2020,HRV,HRV,Croatia,3.2796764,-6.1517925,,Europe & Central Asia,1
1960,HUN,HUN,Hungary,-1.506911,,,Europe & Central Asia,0
1965,HUN,HUN,Hungary,7.5621829,,,Europe & Central Asia,0
1970,HUN,HUN,Hungary,-.077918909,,,Europe & Central Asia,0
1977,HUN,HUN,Hungary,.33221683,,,Europe & Central Asia,0
1980,HUN,HUN,Hungary,.4454422,,,Europe & Central Asia,0
1985,HUN,HUN,Hungary,-1.6864524,,,Europe & Central Asia,0
1990,HUN,HUN,Hungary,-4.2162991,10.255427,,Europe & Central Asia,0
1995,HUN,HUN,Hungary,-1.2859826,-1.5169699,,Europe & Central Asia,0
2000,HUN,HUN,Hungary,.79145092,7.1315331,.00036206905,Europe & Central Asia,0
2005,HUN,HUN,Hungary,-1.5440038,9.5865955,.0059692585,Europe & Central Asia,0
2010,HUN,HUN,Hungary,-.6373862,3.1715598,-.0047840467,Europe & Central Asia,1
2015,HUN,HUN,Hungary,1.5675819,-12.763243,-.0015472807,Europe & Central Asia,1
2020,HUN,HUN,Hungary,.25607935,-15.864902,,Europe & Central Asia,1
1960,IMN,IMN,Isle of Man,,,,Europe & Central Asia,0
1965,IMN,IMN,Isle of Man,,,,Europe & Central Asia,0
1970,IMN,IMN,Isle of Man,,,,Europe & Central Asia,0
1977,IMN,IMN,Isle of Man,,,,Europe & Central Asia,0
1980,IMN,IMN,Isle of Man,,,,Europe & Central Asia,0
1985,IMN,IMN,Isle of Man,2.2871816,,,Europe & Central Asia,0
1990,IMN,IMN,Isle of Man,-1.7077538,,,Europe & Central Asia,0
1995,IMN,IMN,Isle of Man,3.0435128,,,Europe & Central Asia,0
2000,IMN,IMN,Isle of Man,-.40347695,,,Europe & Central Asia,0
2005,IMN,IMN,Isle of Man,1.2688767,,,Europe & Central Asia,0
2010,IMN,IMN,Isle of Man,1.1768827,,,Europe & Central Asia,1
2015,IMN,IMN,Isle of Man,-.69726378,,,Europe & Central Asia,1
2020,IMN,IMN,,-4.9679594,,,Europe & Central Asia,1
1960,IRL,IRL,Ireland,-2.611716,8.2511873,,Europe & Central Asia,0
1965,IRL,IRL,Ireland,-2.7229562,2.2870097,,Europe & Central Asia,0
1970,IRL,IRL,Ireland,-3.903935,1.3755556,,Europe & Central Asia,0
1977,IRL,IRL,Ireland,-2.0725811,.040570844,,Europe & Central Asia,0
1980,IRL,IRL,Ireland,-1.3246833,-.89392745,,Europe & Central Asia,0
1985,IRL,IRL,Ireland,-.91226625,-9.0656834,,Europe & Central Asia,0
1990,IRL,IRL,Ireland,1.6914974,-14.648886,,Europe & Central Asia,0
1995,IRL,IRL,Ireland,4.3869877,13.831484,,Europe & Central Asia,0
2000,IRL,IRL,Ireland,.7488724,16.010876,.01203924,Europe & Central Asia,0
2005,IRL,IRL,Ireland,-3.0296507,66.12236,-.00016999147,Europe & Central Asia,0
2010,IRL,IRL,Ireland,-.14401913,19.241949,.0013109887,Europe & Central Asia,1
2015,IRL,IRL,Ireland,6.1977983,-41.00148,-.013180237,Europe & Central Asia,1
2020,IRL,IRL,Ireland,3.6966517,-61.551018,,Europe & Central Asia,1
1960,ISL,ISL,Iceland,.71858537,4.5347738,,Europe & Central Asia,0
1965,ISL,ISL,Iceland,-3.7208874,-7.4821925,,Europe & Central Asia,0
1970,ISL,ISL,Iceland,1.6904496,-19.221663,,Europe & Central Asia,0
1977,ISL,ISL,Iceland,.83596301,-29.473234,,Europe & Central Asia,0
1980,ISL,ISL,Iceland,1.0067204,-27.069363,,Europe & Central Asia,0
1985,ISL,ISL,Iceland,.07443215,-28.939291,,Europe & Central Asia,0
1990,ISL,ISL,Iceland,-.86236435,-32.630745,,Europe & Central Asia,0
1995,ISL,ISL,Iceland,.76395977,-22.382437,,Europe & Central Asia,0
2000,ISL,ISL,Iceland,.11035242,28.718321,.011804042,Europe & Central Asia,0
2005,ISL,ISL,Iceland,-.0053040325,129.25575,.0095209973,Europe & Central Asia,0
2010,ISL,ISL,Iceland,-.80397588,18.247734,-.021325039,Europe & Central Asia,1
2015,ISL,ISL,Iceland,.53984267,-10.270933,,Europe & Central Asia,1
2020,ISL,ISL,Iceland,-.34777352,-3.2867181,,Europe & Central Asia,1
1960,ISR,ISR,Israel,1.0289768,3.3444653,,Middle East & North Africa,0
1965,ISR,ISR,Israel,.37984985,5.3846555,,Middle East & North Africa,0
1970,ISR,ISR,Israel,.35627672,,,Middle East & North Africa,0
1977,ISR,ISR,Israel,-2.7066126,,,Middle East & North Africa,0
1980,ISR,ISR,Israel,-.24587913,,,Middle East & North Africa,0
1985,ISR,ISR,Israel,-.77943933,,,Middle East & North Africa,0
1990,ISR,ISR,Israel,2.4046774,,,Middle East & North Africa,0
1995,ISR,ISR,Israel,-.52323085,8.2768211,,Middle East & North Africa,0
2000,ISR,ISR,Israel,-2.0193329,15.036672,,Middle East & North Africa,0
2005,ISR,ISR,Israel,.38264152,5.2493587,,Middle East & North Africa,0
2010,ISR,ISR,Israel,.80793124,-7.2433634,,Middle East & North Africa,1
2015,ISR,ISR,Israel,-.16590631,-13.638884,,Middle East & North Africa,1
2020,ISR,ISR,Israel,1.0800478,-16.409725,,Middle East & North Africa,1
1960,ITA,ITA,Italy,.89079726,27.527822,,Europe & Central Asia,0
1965,ITA,ITA,Italy,.81200045,27.871719,,Europe & Central Asia,0
1970,ITA,ITA,Italy,-.020133654,28.506451,,Europe & Central Asia,0
1977,ITA,ITA,Italy,-.073012181,16.168066,,Europe & Central Asia,0
1980,ITA,ITA,Italy,1.4976834,-1.0059577,,Europe & Central Asia,0
1985,ITA,ITA,Italy,1.2332839,-9.0671387,,Europe & Central Asia,0
1990,ITA,ITA,Italy,1.2910917,-11.794218,-.000051972151,Europe & Central Asia,0
1995,ITA,ITA,Italy,-.017523728,-19.374718,-.0019040921,Europe & Central Asia,0
2000,ITA,ITA,Italy,-.895859,-14.240993,.00079615542,Europe & Central Asia,0
2005,ITA,ITA,Italy,-1.9495941,-15.016603,-.0038310045,Europe & Central Asia,0
2010,ITA,ITA,Italy,-2.4241145,-1.0184512,.00038357478,Europe & Central Asia,1
2015,ITA,ITA,Italy,-.60436237,-10.988857,.0046073385,Europe & Central Asia,1
2020,ITA,ITA,Italy,.25974303,-17.567125,,Europe & Central Asia,1
1960,JPN,JPN,Japan,3.3914196,-5.5405426,,East Asia & Pacific,0
1965,JPN,JPN,Japan,3.8285365,-3.3193266,,East Asia & Pacific,0
1970,JPN,JPN,Japan,-2.5978613,20.106749,,East Asia & Pacific,0
1977,JPN,JPN,Japan,-.60268295,17.021782,,East Asia & Pacific,0
1980,JPN,JPN,Japan,1.7009026,20.53026,,East Asia & Pacific,0
1985,JPN,JPN,Japan,1.588878,41.698021,,East Asia & Pacific,0
1990,JPN,JPN,Japan,1.1971122,51.417946,,East Asia & Pacific,0
1995,JPN,JPN,Japan,-1.7818809,53.419514,,East Asia & Pacific,0
2000,JPN,JPN,Japan,-1.7663009,-17.146151,,East Asia & Pacific,0
2005,JPN,JPN,Japan,-2.2414756,-54.420589,,East Asia & Pacific,0
2010,JPN,JPN,Japan,-.28670204,-48.629177,,East Asia & Pacific,1
2015,JPN,JPN,Japan,-1.3837235,-41.661484,,East Asia & Pacific,1
2020,JPN,JPN,Japan,-1.046222,-33.476997,,East Asia & Pacific,1
1960,KNA,KNA,St. Kitts and Nevis,,,,Latin America & Caribbean,0
1965,KNA,KNA,St. Kitts and Nevis,,,,Latin America & Caribbean,0
1970,KNA,KNA,St. Kitts and Nevis,,,,Latin America & Caribbean,0
1977,KNA,KNA,St. Kitts and Nevis,-.39223713,14.840487,,Latin America & Caribbean,0
1980,KNA,KNA,St. Kitts and Nevis,1.0143435,11.077625,,Latin America & Caribbean,0
1985,KNA,KNA,St. Kitts and Nevis,3.8442082,3.5633335,,Latin America & Caribbean,0
1990,KNA,KNA,St. Kitts and Nevis,1.1480843,12.397951,,Latin America & Caribbean,0
1995,KNA,KNA,St. Kitts and Nevis,-1.3621159,13.868515,,Latin America & Caribbean,0
2000,KNA,KNA,St. Kitts and Nevis,-1.6632558,5.6096082,,Latin America & Caribbean,0
2005,KNA,KNA,St. Kitts and Nevis,1.2170436,-14.209986,,Latin America & Caribbean,0
2010,KNA,KNA,St. Kitts and Nevis,-.0099473819,-11.535195,,Latin America & Caribbean,1
2015,KNA,KNA,St. Kitts and Nevis,-.91686732,-17.985687,,Latin America & Caribbean,1
2020,KNA,KNA,,-2.879256,-17.626652,,Latin America & Caribbean,1
1960,KOR,KOR,"Korea, Rep.",-6.0466814,-12.621644,,East Asia & Pacific,0
1965,KOR,KOR,"Korea, Rep.",-2.037843,-7.5566764,,East Asia & Pacific,0
1970,KOR,KOR,"Korea, Rep.",-1.7083782,.099565893,,East Asia & Pacific,0
1977,KOR,KOR,"Korea, Rep.",.85549265,-9.0583878,,East Asia & Pacific,0
1980,KOR,KOR,"Korea, Rep.",.78226048,-5.6921239,,East Asia & Pacific,0
1985,KOR,KOR,"Korea, Rep.",2.8277318,-12.257846,,East Asia & Pacific,0
1990,KOR,KOR,"Korea, Rep.",4.210721,-21.241394,,East Asia & Pacific,0
1995,KOR,KOR,"Korea, Rep.",.36671504,-20.196995,,East Asia & Pacific,0
2000,KOR,KOR,Korea,.7130059,-5.8949833,.014405883,East Asia & Pacific,0
2005,KOR,KOR,Korea,.31553939,-12.578151,.0071729012,East Asia & Pacific,0
2010,KOR,KOR,Korea,.48539847,5.7973037,-.0073620961,East Asia & Pacific,1
2015,KOR,KOR,Korea,-.56393951,40.857033,-.014216688,East Asia & Pacific,1
2020,KOR,KOR,Korea,-.20002276,60.344303,,East Asia & Pacific,1
1960,KWT,KWT,Kuwait,,,,Middle East & North Africa,0
1965,KWT,KWT,Kuwait,,,,Middle East & North Africa,0
1970,KWT,KWT,Kuwait,-5.983171,-14.929323,,Middle East & North Africa,0
1977,KWT,KWT,Kuwait,-2.7934847,2.1254234,,Middle East & North Africa,0
1980,KWT,KWT,Kuwait,-8.6335793,27.943867,,Middle East & North Africa,0
1985,KWT,KWT,Kuwait,1.5942707,42.790447,,Middle East & North Africa,0
1990,KWT,KWT,Kuwait,14.573936,-44.10688,,Middle East & North Africa,0
1995,KWT,KWT,Kuwait,.35513097,-11.529873,,Middle East & North Africa,0
2000,KWT,KWT,Kuwait,4.8283353,-5.1773624,,Middle East & North Africa,0
2005,KWT,KWT,Kuwait,.76889527,-14.055305,,Middle East & North Africa,0
2010,KWT,KWT,Kuwait,-1.0071851,-8.4502888,,Middle East & North Africa,1
2015,KWT,KWT,Kuwait,-2.366689,25.389297,,Middle East & North Africa,1
2020,KWT,KWT,Kuwait,-1.3364601,,,Middle East & North Africa,1
1960,LIE,LIE,Liechtenstein,,,,Europe & Central Asia,0
1965,LIE,LIE,Liechtenstein,,,,Europe & Central Asia,0
1970,LIE,LIE,Liechtenstein,,,,Europe & Central Asia,0
1977,LIE,LIE,Liechtenstein,,,,Europe & Central Asia,0
1980,LIE,LIE,Liechtenstein,,,,Europe & Central Asia,0
1985,LIE,LIE,Liechtenstein,,,,Europe & Central Asia,0
1990,LIE,LIE,Liechtenstein,,,,Europe & Central Asia,0
1995,LIE,LIE,Liechtenstein,,,,Europe & Central Asia,0
2000,LIE,LIE,Liechtenstein,,,,Europe & Central Asia,0
2005,LIE,LIE,Liechtenstein,,,,Europe & Central Asia,0
2010,LIE,LIE,Liechtenstein,,,,Europe & Central Asia,1
2015,LIE,LIE,Liechtenstein,,,,Europe & Central Asia,1
2020,LIE,LIE,,,,,Europe & Central Asia,1
1960,LTU,LTU,Lithuania,,,,Europe & Central Asia,0
1965,LTU,LTU,Lithuania,,,,Europe & Central Asia,0
1970,LTU,LTU,Lithuania,,,,Europe & Central Asia,0
1977,LTU,LTU,Lithuania,,,,Europe & Central Asia,0
1980,LTU,LTU,Lithuania,,,,Europe & Central Asia,0
1985,LTU,LTU,Lithuania,,,,Europe & Central Asia,0
1990,LTU,LTU,Lithuania,-13.778674,,,Europe & Central Asia,0
1995,LTU,LTU,Lithuania,1.0181687,-4.0906305,,Europe & Central Asia,0
2000,LTU,LTU,Lithuania,3.427726,-3.4807794,.010613859,Europe & Central Asia,0
2005,LTU,LTU,Lithuania,2.0560646,9.8108253,-.017714597,Europe & Central Asia,0
2010,LTU,LTU,Lithuania,3.3465147,4.1420569,-.00016037423,Europe & Central Asia,1
2015,LTU,LTU,Lithuania,3.0801191,-.22749153,.0072611119,Europe & Central Asia,1
2020,LTU,LTU,Lithuania,.85008103,-6.1539812,,Europe & Central Asia,1
1960,LUX,LUX,Luxembourg,-.89671719,.68137926,,Europe & Central Asia,0
1965,LUX,LUX,Luxembourg,-2.045907,-2.0360422,,Europe & Central Asia,0
1970,LUX,LUX,Luxembourg,-.91898817,-6.4155841,,Europe & Central Asia,0
1977,LUX,LUX,Luxembourg,-3.2951915,7.416584,,Europe & Central Asia,0
1980,LUX,LUX,Luxembourg,.92912489,26.74375,,Europe & Central Asia,0
1985,LUX,LUX,Luxembourg,3.6241112,18.239677,,Europe & Central Asia,0
1990,LUX,LUX,Luxembourg,3.2918377,20.51391,-.0049926429,Europe & Central Asia,0
1995,LUX,LUX,Luxembourg,1.1633064,1.0661143,-.0015735031,Europe & Central Asia,0
2000,LUX,LUX,Luxembourg,.66182089,-19.901995,-.0022703714,Europe & Central Asia,0
2005,LUX,LUX,Luxembourg,.15917617,-20.050266,.0064168824,Europe & Central Asia,0
2010,LUX,LUX,Luxembourg,-.66840959,-18.643936,-.0090738395,Europe & Central Asia,1
2015,LUX,LUX,Luxembourg,-1.0491201,-.5250234,.011493475,Europe & Central Asia,1
2020,LUX,LUX,Luxembourg,-.95504367,-7.0885687,,Europe & Central Asia,1
1960,LVA,LVA,Latvia,,,,Europe & Central Asia,0
1965,LVA,LVA,Latvia,,,,Europe & Central Asia,0
1970,LVA,LVA,Latvia,,,,Europe & Central Asia,0
1977,LVA,LVA,Latvia,,,,Europe & Central Asia,0
1980,LVA,LVA,Latvia,,,,Europe & Central Asia,0
1985,LVA,LVA,Latvia,,,,Europe & Central Asia,0
1990,LVA,LVA,Latvia,-11.603363,,,Europe & Central Asia,0
1995,LVA,LVA,Latvia,.60796958,-14.409489,-.011377461,Europe & Central Asia,0
2000,LVA,LVA,Latvia,4.382226,1.466888,-.017007127,Europe & Central Asia,0
2005,LVA,LVA,Latvia,2.2134316,25.825991,-.0016197327,Europe & Central Asia,0
2010,LVA,LVA,Latvia,1.5414919,17.196594,.016544677,Europe & Central Asia,1
2015,LVA,LVA,Latvia,1.7615491,-7.9028196,.013459644,Europe & Central Asia,1
2020,LVA,LVA,Latvia,1.0966945,-22.177166,,Europe & Central Asia,1
1960,MAC,MAC,"Macao SAR, China",,,,East Asia & Pacific,0
1965,MAC,MAC,"Macao SAR, China",,,,East Asia & Pacific,0
1970,MAC,MAC,"Macao SAR, China",,,,East Asia & Pacific,0
1977,MAC,MAC,"Macao SAR, China",,,,East Asia & Pacific,0
1980,MAC,MAC,"Macao SAR, China",,,,East Asia & Pacific,0
1985,MAC,MAC,"Macao SAR, China",-1.2417215,-7.0214992,,East Asia & Pacific,0
1990,MAC,MAC,"Macao SAR, China",-.032306705,-5.8447895,,East Asia & Pacific,0
1995,MAC,MAC,"Macao SAR, China",-7.125381,-6.0263424,,East Asia & Pacific,0
2000,MAC,MAC,"Macao, China",4.2731109,-31.412621,,East Asia & Pacific,0
2005,MAC,MAC,"Macao, China",1.2706054,-54.238567,,East Asia & Pacific,0
2010,MAC,MAC,"Macao, China",7.2130432,-45.245056,,East Asia & Pacific,1
2015,MAC,MAC,"Macao, China",-6.2268953,5.4580121,,East Asia & Pacific,1
2020,MAC,MAC,"Macao, China",1.8695452,144.33086,,East Asia & Pacific,1
1960,MCO,MCO,Monaco,,,,Europe & Central Asia,0
1965,MCO,MCO,Monaco,,,,Europe & Central Asia,0
1970,MCO,MCO,Monaco,-.43545744,,,Europe & Central Asia,0
1977,MCO,MCO,Monaco,-1.938006,,,Europe & Central Asia,0
1980,MCO,MCO,Monaco,-.42861444,,,Europe & Central Asia,0
1985,MCO,MCO,Monaco,-.97953802,,,Europe & Central Asia,0
1990,MCO,MCO,Monaco,-.30220601,,,Europe & Central Asia,0
1995,MCO,MCO,Monaco,-1.1808337,,,Europe & Central Asia,0
2000,MCO,MCO,Monaco,-.98097056,,,Europe & Central Asia,0
2005,MCO,MCO,Monaco,.48514324,,,Europe & Central Asia,0
2010,MCO,MCO,Monaco,1.1720672,,,Europe & Central Asia,1
2015,MCO,MCO,Monaco,.45017648,,,Europe & Central Asia,1
2020,MCO,MCO,,4.1382394,,,Europe & Central Asia,1
1960,MLT,MLT,Malta,,,,Middle East & North Africa,0
1965,MLT,MLT,Malta,,,,Middle East & North Africa,0
1970,MLT,MLT,Malta,-3.3389773,5.7057991,,Middle East & North Africa,0
1977,MLT,MLT,Malta,6.4256902,-21.389219,,Middle East & North Africa,0
1980,MLT,MLT,Malta,-2.2367775,-18.801237,,Middle East & North Africa,0
1985,MLT,MLT,Malta,-1.482143,-3.1868968,,Middle East & North Africa,0
1990,MLT,MLT,Malta,.85983801,12.234328,,Middle East & North Africa,0
1995,MLT,MLT,Malta,-.67639214,18.527065,,Middle East & North Africa,0
2000,MLT,MLT,Malta,-.28008029,20.259874,,Middle East & North Africa,0
2005,MLT,MLT,Malta,-1.3911378,11.240872,-.001049809,Middle East & North Africa,0
2010,MLT,MLT,Malta,.58414412,9.7799711,.0029829044,Middle East & North Africa,1
2015,MLT,MLT,Malta,1.0471599,-13.616321,-.0019330954,Middle East & North Africa,1
2020,MLT,MLT,Malta,.48867604,-20.754238,,Middle East & North Africa,1
1960,NCL,NCL,New Caledonia,,,,East Asia & Pacific,0
1965,NCL,NCL,New Caledonia,,,,East Asia & Pacific,0
1970,NCL,NCL,New Caledonia,,,,East Asia & Pacific,0
1977,NCL,NCL,New Caledonia,,,,East Asia & Pacific,0
1980,NCL,NCL,New Caledonia,,,,East Asia & Pacific,0
1985,NCL,NCL,New Caledonia,,,,East Asia & Pacific,0
1990,NCL,NCL,New Caledonia,,,,East Asia & Pacific,0
1995,NCL,NCL,New Caledonia,,,,East Asia & Pacific,0
2000,NCL,NCL,New Caledonia,,,,East Asia & Pacific,0
2005,NCL,NCL,New Caledonia,,,,East Asia & Pacific,0
2010,NCL,NCL,New Caledonia,,,,East Asia & Pacific,1
2015,NCL,NCL,New Caledonia,0,,,East Asia & Pacific,1
2020,NCL,NCL,New Caledonia,,,,East Asia & Pacific,1
1960,NLD,NLD,Netherlands,-.41486919,-13.178331,,Europe & Central Asia,0
1965,NLD,NLD,Netherlands,.63021606,-13.911671,,Europe & Central Asia,0
1970,NLD,NLD,Netherlands,-.49122769,-16.802855,,Europe & Central Asia,0
1977,NLD,NLD,Netherlands,-1.3816431,-7.6103096,,Europe & Central Asia,0
1980,NLD,NLD,Netherlands,-.059399094,-2.6750886,,Europe & Central Asia,0
1985,NLD,NLD,Netherlands,.11555594,-2.044374,,Europe & Central Asia,0
1990,NLD,NLD,Netherlands,1.6634805,.83257639,.0038663035,Europe & Central Asia,0
1995,NLD,NLD,Netherlands,1.2987759,10.446481,.0016469618,Europe & Central Asia,0
2000,NLD,NLD,Netherlands,-1.0946496,23.752258,.010708355,Europe & Central Asia,0
2005,NLD,NLD,Netherlands,.19684657,9.4587278,.0026656478,Europe & Central Asia,0
2010,NLD,NLD,Netherlands,-.83067554,10.968861,-.024572806,Europe & Central Asia,1
2015,NLD,NLD,Netherlands,.1891996,8.4128389,.0056855381,Europe & Central Asia,1
2020,NLD,NLD,Netherlands,.17838944,-7.6491137,,Europe & Central Asia,1
1960,NOR,NOR,Norway,-.64457518,3.352397,,Europe & Central Asia,0
1965,NOR,NOR,Norway,-1.0092696,-2.890126,,Europe & Central Asia,0
1970,NOR,NOR,Norway,-1.1868322,-9.3191023,,Europe & Central Asia,0
1977,NOR,NOR,Norway,.76925051,-16.342827,,Europe & Central Asia,0
1980,NOR,NOR,Norway,2.2977836,-20.509031,,Europe & Central Asia,0
1985,NOR,NOR,Norway,-.26791185,-3.5792975,,Europe & Central Asia,0
1990,NOR,NOR,Norway,2.5191681,-12.363904,,Europe & Central Asia,0
1995,NOR,NOR,Norway,1.0829744,-11.167705,,Europe & Central Asia,0
2000,NOR,NOR,Norway,-.54454082,-6.3220706,.013070994,Europe & Central Asia,0
2005,NOR,NOR,Norway,-.71069771,.23382691,.0075110923,Europe & Central Asia,0
2010,NOR,NOR,Norway,-.97341895,14.704506,-.0042438074,Europe & Central Asia,1
2015,NOR,NOR,Norway,-1.0126224,31.567837,-.016338279,Europe & Central Asia,1
2020,NOR,NOR,Norway,-.31930792,32.635498,,Europe & Central Asia,1
1960,NRU,NRU,Nauru,,,,East Asia & Pacific,0
1965,NRU,NRU,Nauru,,,,East Asia & Pacific,0
1970,NRU,NRU,Nauru,5.868402,,,East Asia & Pacific,0
1977,NRU,NRU,Nauru,1.2902933,,,East Asia & Pacific,0
1980,NRU,NRU,Nauru,1.5760264,,,East Asia & Pacific,0
1985,NRU,NRU,Nauru,-1.0493001,,,East Asia & Pacific,0
1990,NRU,NRU,Nauru,-7.7496195,,,East Asia & Pacific,0
1995,NRU,NRU,Nauru,-8.4115639,,,East Asia & Pacific,0
2000,NRU,NRU,Nauru,-5.862009,,,East Asia & Pacific,0
2005,NRU,NRU,Nauru,.20958288,,,East Asia & Pacific,0
2010,NRU,NRU,Nauru,10.034061,,,East Asia & Pacific,1
2015,NRU,NRU,Nauru,.50013298,,,East Asia & Pacific,1
2020,NRU,NRU,,3.5939937,,,East Asia & Pacific,1
1960,NZL,NZL,New Zealand,.097977512,-25.191605,,East Asia & Pacific,0
1965,NZL,NZL,New Zealand,-.56208199,-33.58223,,East Asia & Pacific,0
1970,NZL,NZL,New Zealand,-.69217926,-37.618263,,East Asia & Pacific,0
1977,NZL,NZL,New Zealand,-3.3553834,-40.649124,,East Asia & Pacific,0
1980,NZL,NZL,New Zealand,2.4812005,-42.87619,,East Asia & Pacific,0
1985,NZL,NZL,New Zealand,-.93070823,-25.453657,,East Asia & Pacific,0
1990,NZL,NZL,New Zealand,.85548735,5.0661707,,East Asia & Pacific,0
1995,NZL,NZL,New Zealand,.37270582,19.582724,,East Asia & Pacific,0
2000,NZL,NZL,New Zealand,.60404241,23.559967,,East Asia & Pacific,0
2005,NZL,NZL,New Zealand,-.082492843,31.916052,,East Asia & Pacific,0
2010,NZL,NZL,New Zealand,.69225985,39.849388,,East Asia & Pacific,1
2015,NZL,NZL,New Zealand,.22731604,47.245518,,East Asia & Pacific,1
2020,NZL,NZL,New Zealand,.29185623,38.151249,,East Asia & Pacific,1
1960,PAN,PAN,Panama,-.083651669,-6.7499037,,Latin America & Caribbean,0
1965,PAN,PAN,Panama,-.044681307,-6.322463,,Latin America & Caribbean,0
1970,PAN,PAN,Panama,-2.0938828,6.3096557,,Latin America & Caribbean,0
1977,PAN,PAN,Panama,-3.0207629,11.729049,,Latin America & Caribbean,0
1980,PAN,PAN,Panama,1.4349645,2.5720415,,Latin America & Caribbean,0
1985,PAN,PAN,Panama,-6.3560629,-7.0765882,-.0022310121,Latin America & Caribbean,0
1990,PAN,PAN,Panama,2.9573817,-9.1170721,.0040054233,Latin America & Caribbean,0
1995,PAN,PAN,Panama,-2.1273596,12.754318,.004183935,Latin America & Caribbean,0
2000,PAN,PAN,Panama,-1.6125991,17.045015,-.0041212253,Latin America & Caribbean,0
2005,PAN,PAN,Panama,4.2843227,-7.2188001,-.0024826701,Latin America & Caribbean,0
2010,PAN,PAN,Panama,3.9929936,-11.359691,.00071165874,Latin America & Caribbean,1
2015,PAN,PAN,Panama,1.0988321,-3.0439162,-.000066109511,Latin America & Caribbean,1
2020,PAN,PAN,Panama,1.5705054,.4783549,,Latin America & Caribbean,1
1960,POL,POL,Poland,,,,Europe & Central Asia,0
1965,POL,POL,Poland,,,,Europe & Central Asia,0
1970,POL,POL,Poland,,,,Europe & Central Asia,0
1977,POL,POL,Poland,,,,Europe & Central Asia,0
1980,POL,POL,Poland,,,,Europe & Central Asia,0
1985,POL,POL,Poland,,,,Europe & Central Asia,0
1990,POL,POL,Poland,-2.33869,2.8721735,,Europe & Central Asia,0
1995,POL,POL,Poland,.64120072,-.25925565,-.010989369,Europe & Central Asia,0
2000,POL,POL,Poland,-1.5355655,-.19059587,-.0043348568,Europe & Central Asia,0
2005,POL,POL,Poland,1.0425191,-6.3567328,.0083882585,Europe & Central Asia,0
2010,POL,POL,Poland,-.28269321,3.7277784,.0035554196,Europe & Central Asia,1
2015,POL,POL,Poland,1.331978,6.9542217,.003380548,Europe & Central Asia,1
2020,POL,POL,Poland,1.141251,-6.7475891,,Europe & Central Asia,1
1960,PRI,PRI,Puerto Rico,.6459595,,,Latin America & Caribbean,0
1965,PRI,PRI,Puerto Rico,1.4381509,,,Latin America & Caribbean,0
1970,PRI,PRI,Puerto Rico,-.4397001,,.017406,Latin America & Caribbean,0
1977,PRI,PRI,Puerto Rico,.06194254,,,Latin America & Caribbean,0
1980,PRI,PRI,Puerto Rico,-.41031057,,.0059658461,Latin America & Caribbean,0
1985,PRI,PRI,Puerto Rico,1.0535851,,,Latin America & Caribbean,0
1990,PRI,PRI,Puerto Rico,1.1619828,,.0087194843,Latin America & Caribbean,0
1995,PRI,PRI,Puerto Rico,1.1898959,,,Latin America & Caribbean,0
2000,PRI,PRI,Puerto Rico,1.1571532,,-.016069794,Latin America & Caribbean,0
2005,PRI,PRI,Puerto Rico,-2.3542836,,-.016021537,Latin America & Caribbean,0
2010,PRI,PRI,Puerto Rico,-.76484686,,,Latin America & Caribbean,1
2015,PRI,PRI,Puerto Rico,-1.4061532,,,Latin America & Caribbean,1
2020,PRI,PRI,Puerto Rico,-1.3333755,,,Latin America & Caribbean,1
1960,PRT,PRT,Portugal,.20833631,-3.0750182,,Europe & Central Asia,0
1965,PRT,PRT,Portugal,1.3232094,-5.1767097,,Europe & Central Asia,0
1970,PRT,PRT,Portugal,2.2093847,-1.5174786,,Europe & Central Asia,0
1977,PRT,PRT,Portugal,-2.5157168,3.8230832,,Europe & Central Asia,0
1980,PRT,PRT,Portugal,-.55544913,2.7564747,,Europe & Central Asia,0
1985,PRT,PRT,Portugal,2.3706245,-21.470886,,Europe & Central Asia,0
1990,PRT,PRT,Portugal,1.1797284,-32.029675,,Europe & Central Asia,0
1995,PRT,PRT,Portugal,1.0936494,-13.916853,,Europe & Central Asia,0
2000,PRT,PRT,Portugal,-1.7335461,24.842314,-.003345171,Europe & Central Asia,0
2005,PRT,PRT,Portugal,-1.2758031,29.973581,-.0036853703,Europe & Central Asia,0
2010,PRT,PRT,Portugal,-2.2246168,35.111824,-.0019192555,Europe & Central Asia,1
2015,PRT,PRT,Portugal,.49705005,-4.7596345,.0089497967,Europe & Central Asia,1
2020,PRT,PRT,Portugal,-.57685071,-14.561023,,Europe & Central Asia,1
1960,PYF,PYF,French Polynesia,,,,East Asia & Pacific,0
1965,PYF,PYF,French Polynesia,.16476788,,,East Asia & Pacific,0
1970,PYF,PYF,French Polynesia,2.3483648,,,East Asia & Pacific,0
1977,PYF,PYF,French Polynesia,.51251513,,,East Asia & Pacific,0
1980,PYF,PYF,French Polynesia,1.2796434,,,East Asia & Pacific,0
1985,PYF,PYF,French Polynesia,.20697458,,,East Asia & Pacific,0
1990,PYF,PYF,French Polynesia,.22305784,,,East Asia & Pacific,0
1995,PYF,PYF,French Polynesia,-1.4560012,,,East Asia & Pacific,0
2000,PYF,PYF,French Polynesia,-1.1125184,,,East Asia & Pacific,0
2005,PYF,PYF,French Polynesia,-1.2250334,,,East Asia & Pacific,0
2010,PYF,PYF,French Polynesia,-1.8904328,,,East Asia & Pacific,1
2015,PYF,PYF,French Polynesia,1.4802958,,,East Asia & Pacific,1
2020,PYF,PYF,,-.53163368,,,East Asia & Pacific,1
1960,QAT,QAT,Qatar,,,,Middle East & North Africa,0
1965,QAT,QAT,Qatar,,,,Middle East & North Africa,0
1970,QAT,QAT,Qatar,-1.8638381,2.9265654,,Middle East & North Africa,0
1977,QAT,QAT,Qatar,-3.6944544,-.35400555,,Middle East & North Africa,0
1980,QAT,QAT,Qatar,-4.5123224,-6.2888308,,Middle East & North Africa,0
1985,QAT,QAT,Qatar,-1.7430594,4.7463007,,Middle East & North Africa,0
1990,QAT,QAT,Qatar,.56914276,.65688062,,Middle East & North Africa,0
1995,QAT,QAT,Qatar,4.7811127,-13.263706,,Middle East & North Africa,0
2000,QAT,QAT,Qatar,2.4782541,-22.207487,,Middle East & North Africa,0
2005,QAT,QAT,Qatar,.5693289,-.024450738,,Middle East & North Africa,0
2010,QAT,QAT,Qatar,4.5065036,-26.609297,,Middle East & North Africa,1
2015,QAT,QAT,Qatar,-2.3699405,13.530586,,Middle East & North Africa,1
2020,QAT,QAT,Qatar,1.2792728,46.887444,,Middle East & North Africa,1
1960,ROU,ROU,Romania,,,,Europe & Central Asia,0
1965,ROU,ROU,Romania,,,,Europe & Central Asia,0
1970,ROU,ROU,Romania,,,,Europe & Central Asia,0
1977,ROU,ROU,Romania,,,,Europe & Central Asia,0
1980,ROU,ROU,Romania,,,,Europe & Central Asia,0
1985,ROU,ROU,Romania,,,,Europe & Central Asia,0
1990,ROU,ROU,Romania,-5.1042423,67.38102,,Europe & Central Asia,0
1995,ROU,ROU,Romania,-3.2331567,-6.7577085,,Europe & Central Asia,0
2000,ROU,ROU,Romania,1.6873523,-10.961961,-.014312083,Europe & Central Asia,0
2005,ROU,ROU,Romania,3.2109358,-11.837174,.015203129,Europe & Central Asia,0
2010,ROU,ROU,Romania,-.55298316,-4.8386064,.00074257294,Europe & Central Asia,1
2015,ROU,ROU,Romania,2.9247663,-12.639189,-.0016336186,Europe & Central Asia,1
2020,ROU,ROU,Romania,1.067328,-20.34638,,Europe & Central Asia,1
1960,SAU,SAU,Saudi Arabia,4.1619501,,,Middle East & North Africa,0
1965,SAU,SAU,Saudi Arabia,2.3847446,11.424707,,Middle East & North Africa,0
1970,SAU,SAU,Saudi Arabia,17.947689,2.8956268,,Middle East & North Africa,0
1977,SAU,SAU,Saudi Arabia,-.012465654,-1.144981,,Middle East & North Africa,0
1980,SAU,SAU,Saudi Arabia,-7.2466168,.38380894,,Middle East & North Africa,0
1985,SAU,SAU,Saudi Arabia,-6.6390858,6.5228701,,Middle East & North Africa,0
1990,SAU,SAU,Saudi Arabia,.68616664,-3.7531476,,Middle East & North Africa,0
1995,SAU,SAU,Saudi Arabia,-3.9723823,-2.7800624,,Middle East & North Africa,0
2000,SAU,SAU,Saudi Arabia,-3.018744,.40665331,,Middle East & North Africa,0
2005,SAU,SAU,Saudi Arabia,-2.3213427,-7.8528776,,Middle East & North Africa,0
2010,SAU,SAU,Saudi Arabia,.70812225,-9.7650242,,Middle East & North Africa,1
2015,SAU,SAU,Saudi Arabia,-.84695017,3.6624262,,Middle East & North Africa,1
2020,SAU,SAU,Saudi Arabia,-1.8310854,,,Middle East & North Africa,1
1960,SGP,SGP,Singapore,-5.9253669,-5.0220399,,East Asia & Pacific,0
1965,SGP,SGP,Singapore,.27396584,-7.5601816,,East Asia & Pacific,0
1970,SGP,SGP,Singapore,1.0449615,-3.6376803,,East Asia & Pacific,0
1977,SGP,SGP,Singapore,-.84368324,-2.7354798,,East Asia & Pacific,0
1980,SGP,SGP,Singapore,2.6244526,13.393859,,East Asia & Pacific,0
1985,SGP,SGP,Singapore,.065518945,4.2828598,,East Asia & Pacific,0
1990,SGP,SGP,Singapore,3.4261043,-3.0553627,,East Asia & Pacific,0
1995,SGP,SGP,Singapore,-1.7896918,8.6545935,,East Asia & Pacific,0
2000,SGP,SGP,Singapore,.044359032,3.3442035,,East Asia & Pacific,0
2005,SGP,SGP,Singapore,-.92912763,-19.721291,,East Asia & Pacific,0
2010,SGP,SGP,Singapore,2.3341262,-2.2499647,,East Asia & Pacific,1
2015,SGP,SGP,Singapore,-.32411981,4.9098616,,East Asia & Pacific,1
2020,SGP,SGP,Singapore,-.0014988033,9.3966227,,East Asia & Pacific,1
1960,SMR,SMR,San Marino,,,,Europe & Central Asia,0
1965,SMR,SMR,San Marino,,,,Europe & Central Asia,0
1970,SMR,SMR,San Marino,,,,Europe & Central Asia,0
1977,SMR,SMR,San Marino,,,,Europe & Central Asia,0
1980,SMR,SMR,San Marino,,,,Europe & Central Asia,0
1985,SMR,SMR,San Marino,,,,Europe & Central Asia,0
1990,SMR,SMR,San Marino,,,,Europe & Central Asia,0
1995,SMR,SMR,San Marino,,,,Europe & Central Asia,0
2000,SMR,SMR,San Marino,.38849318,-28.716114,,Europe & Central Asia,0
2005,SMR,SMR,San Marino,-1.2329681,-2.4464192,,Europe & Central Asia,0
2010,SMR,SMR,San Marino,-4.2840533,13.107303,,Europe & Central Asia,1
2015,SMR,SMR,San Marino,-.46986032,19.264673,,Europe & Central Asia,1
2020,SMR,SMR,,5.5983887,-1.2094431,,Europe & Central Asia,1
1960,SVK,SVK,Slovak Republic,,,,Europe & Central Asia,0
1965,SVK,SVK,Slovak Republic,,,,Europe & Central Asia,0
1970,SVK,SVK,Slovak Republic,,,,Europe & Central Asia,0
1977,SVK,SVK,Slovak Republic,,,,Europe & Central Asia,0
1980,SVK,SVK,Slovak Republic,,,,Europe & Central Asia,0
1985,SVK,SVK,Slovak Republic,,,,Europe & Central Asia,0
1990,SVK,SVK,Slovak Republic,-4.8027568,17.626003,,Europe & Central Asia,0
1995,SVK,SVK,Slovak Republic,.13717531,14.267285,-.0041117743,Europe & Central Asia,0
2000,SVK,SVK,Slovak Republic,-.19387107,-2.1285901,.0010674217,Europe & Central Asia,0
2005,SVK,SVK,Slovak Republic,2.8811691,-20.307978,.006973411,Europe & Central Asia,0
2010,SVK,SVK,Slovak Republic,.8527565,-12.552739,.0011939135,Europe & Central Asia,1
2015,SVK,SVK,Slovak Republic,1.0362194,.8997919,-.0051229722,Europe & Central Asia,1
2020,SVK,SVK,Slovak Republic,.089307867,2.1962271,,Europe & Central Asia,1
1960,SVN,SVN,Slovenia,,,,Europe & Central Asia,0
1965,SVN,SVN,Slovenia,,,,Europe & Central Asia,0
1970,SVN,SVN,Slovenia,,,,Europe & Central Asia,0
1977,SVN,SVN,Slovenia,,,,Europe & Central Asia,0
1980,SVN,SVN,Slovenia,,,,Europe & Central Asia,0
1985,SVN,SVN,Slovenia,,,,Europe & Central Asia,0
1990,SVN,SVN,Slovenia,-2.1497314,,,Europe & Central Asia,0
1995,SVN,SVN,Slovenia,1.1009281,-4.9561257,-.0090660267,Europe & Central Asia,0
2000,SVN,SVN,Slovenia,.23226447,1.3882444,-.012963875,Europe & Central Asia,0
2005,SVN,SVN,Slovenia,.52584112,12.328773,.0030103978,Europe & Central Asia,0
2010,SVN,SVN,Slovenia,-1.6910806,17.022991,.012334165,Europe & Central Asia,1
2015,SVN,SVN,Slovenia,1.3325937,-8.0464029,.0066853394,Europe & Central Asia,1
2020,SVN,SVN,Slovenia,.64918476,-17.737478,,Europe & Central Asia,1
1960,SWE,SWE,Sweden,1.4309096,4.3672523,,Europe & Central Asia,0
1965,SWE,SWE,Sweden,-.89825571,.63392037,,Europe & Central Asia,0
1970,SWE,SWE,Sweden,-.89499414,-9.2232971,,Europe & Central Asia,0
1977,SWE,SWE,Sweden,-1.7435886,-14.646295,,Europe & Central Asia,0
1980,SWE,SWE,Sweden,1.509853,-18.719315,,Europe & Central Asia,0
1985,SWE,SWE,Sweden,.24116151,-20.140205,,Europe & Central Asia,0
1990,SWE,SWE,Sweden,-.55588907,-26.144251,,Europe & Central Asia,0
1995,SWE,SWE,Sweden,1.0275434,-40.297115,,Europe & Central Asia,0
2000,SWE,SWE,Sweden,.2136472,3.5276799,.010364401,Europe & Central Asia,0
2005,SWE,SWE,Sweden,-.55789071,16.412094,-.0065886038,Europe & Central Asia,0
2010,SWE,SWE,Sweden,.43682465,30.037273,-.002205878,Europe & Central Asia,1
2015,SWE,SWE,Sweden,-.04460001,37.421158,-.0015699195,Europe & Central Asia,1
2020,SWE,SWE,Sweden,-.16472124,36.771099,,Europe & Central Asia,1
1960,SXM,SXM,Sint Maarten (Dutch part),,,,Latin America & Caribbean,0
1965,SXM,SXM,Sint Maarten (Dutch part),,,,Latin America & Caribbean,0
1970,SXM,SXM,Sint Maarten (Dutch part),,,,Latin America & Caribbean,0
1977,SXM,SXM,Sint Maarten (Dutch part),,,,Latin America & Caribbean,0
1980,SXM,SXM,Sint Maarten (Dutch part),,,,Latin America & Caribbean,0
1985,SXM,SXM,Sint Maarten (Dutch part),,,,Latin America & Caribbean,0
1990,SXM,SXM,Sint Maarten (Dutch part),,,,Latin America & Caribbean,0
1995,SXM,SXM,Sint Maarten (Dutch part),,,,Latin America & Caribbean,0
2000,SXM,SXM,Sint Maarten (Dutch part),,,,Latin America & Caribbean,0
2005,SXM,SXM,Sint Maarten (Dutch part),,,,Latin America & Caribbean,0
2010,SXM,SXM,Sint Maarten (Dutch part),1.6107609,,,Latin America & Caribbean,1
2015,SXM,SXM,Sint Maarten (Dutch part),-1.8724214,,,Latin America & Caribbean,1
2020,SXM,SXM,,.26166043,,,Latin America & Caribbean,1
1960,SYC,SYC,Seychelles,-2.6095359,,,Sub-Saharan Africa,0
1965,SYC,SYC,Seychelles,-3.7605598,,,Sub-Saharan Africa,0
1970,SYC,SYC,Seychelles,.59193498,31.642101,,Sub-Saharan Africa,0
1977,SYC,SYC,Seychelles,4.1509581,28.329416,,Sub-Saharan Africa,0
1980,SYC,SYC,Seychelles,-3.166784,12.475327,,Sub-Saharan Africa,0
1985,SYC,SYC,Seychelles,1.9482348,-.089785449,,Sub-Saharan Africa,0
1990,SYC,SYC,Seychelles,2.4265087,-8.2630062,,Sub-Saharan Africa,0
1995,SYC,SYC,Seychelles,1.0053124,-7.1934924,,Sub-Saharan Africa,0
2000,SYC,SYC,Seychelles,-4.3088827,-7.1325445,,Sub-Saharan Africa,0
2005,SYC,SYC,Seychelles,1.5713377,-19.819174,-.031775314,Sub-Saharan Africa,0
2010,SYC,SYC,Seychelles,1.9293017,-21.291351,.031775314,Sub-Saharan Africa,1
2015,SYC,SYC,Seychelles,4.6187477,-12.175995,,Sub-Saharan Africa,1
2020,SYC,SYC,,-4.3965735,3.5185032,,Sub-Saharan Africa,1
1960,TCA,TCA,Turks and Caicos Islands,,,,Latin America & Caribbean,0
1965,TCA,TCA,Turks and Caicos Islands,,,,Latin America & Caribbean,0
1970,TCA,TCA,Turks and Caicos Islands,,,,Latin America & Caribbean,0
1977,TCA,TCA,Turks and Caicos Islands,,,,Latin America & Caribbean,0
1980,TCA,TCA,Turks and Caicos Islands,,,,Latin America & Caribbean,0
1985,TCA,TCA,Turks and Caicos Islands,,,,Latin America & Caribbean,0
1990,TCA,TCA,Turks and Caicos Islands,,,,Latin America & Caribbean,0
1995,TCA,TCA,Turks and Caicos Islands,,,,Latin America & Caribbean,0
2000,TCA,TCA,Turks and Caicos Islands,,,,Latin America & Caribbean,0
2005,TCA,TCA,Turks and Caicos Islands,,,,Latin America & Caribbean,0
2010,TCA,TCA,Turks and Caicos Islands,,,,Latin America & Caribbean,1
2015,TCA,TCA,Turks and Caicos Islands,2.7183757,,,Latin America & Caribbean,1
2020,TCA,TCA,,-2.7183757,,,Latin America & Caribbean,1
1960,TTO,TTO,Trinidad and Tobago,1.5589514,18.581392,,Latin America & Caribbean,0
1965,TTO,TTO,Trinidad and Tobago,-2.6450546,17.859888,,Latin America & Caribbean,0
1970,TTO,TTO,Trinidad and Tobago,-2.4425457,19.552317,,Latin America & Caribbean,0
1977,TTO,TTO,Trinidad and Tobago,1.515461,16.483685,,Latin America & Caribbean,0
1980,TTO,TTO,Trinidad and Tobago,-.92943251,12.542509,-.0064641815,Latin America & Caribbean,0
1985,TTO,TTO,Trinidad and Tobago,-7.2039571,14.859517,,Latin America & Caribbean,0
1990,TTO,TTO,Trinidad and Tobago,1.4467432,5.1293235,.012409545,Latin America & Caribbean,0
1995,TTO,TTO,Trinidad and Tobago,3.2639029,1.0958381,,Latin America & Caribbean,0
2000,TTO,TTO,Trinidad and Tobago,4.8976793,-8.042902,-.0059453635,Latin America & Caribbean,0
2005,TTO,TTO,Trinidad and Tobago,4.4479871,-31.405764,,Latin America & Caribbean,0
2010,TTO,TTO,Trinidad and Tobago,2.4568651,-30.073082,,Latin America & Caribbean,1
2015,TTO,TTO,Trinidad and Tobago,-3.7357738,-18.891209,,Latin America & Caribbean,1
2020,TTO,TTO,Trinidad and Tobago,-2.6308262,-17.691513,,Latin America & Caribbean,1
1960,TWN,TWN,"Taiwan, China",,,,East Asia & Pacific,0
1965,TWN,TWN,"Taiwan, China",,,,East Asia & Pacific,0
1970,TWN,TWN,"Taiwan, China",,,,East Asia & Pacific,0
1977,TWN,TWN,"Taiwan, China",,,,East Asia & Pacific,0
1980,TWN,TWN,"Taiwan, China",,,,East Asia & Pacific,0
1985,TWN,TWN,"Taiwan, China",,,,East Asia & Pacific,0
1990,TWN,TWN,"Taiwan, China",,,,East Asia & Pacific,0
1995,TWN,TWN,"Taiwan, China",,,,East Asia & Pacific,0
2000,TWN,TWN,"Taiwan, China",,,,East Asia & Pacific,0
2005,TWN,TWN,"Taiwan, China",,,,East Asia & Pacific,0
2010,TWN,TWN,"Taiwan, China",,,,East Asia & Pacific,1
2015,TWN,TWN,"Taiwan, China",,,,East Asia & Pacific,1
2020,TWN,TWN,"Taiwan, China",,,,East Asia & Pacific,1
1960,URY,URY,Uruguay,-2.749083,28.607794,,Latin America & Caribbean,0
1965,URY,URY,Uruguay,-2.4614091,12.701833,,Latin America & Caribbean,0
1970,URY,URY,Uruguay,-3.3630919,4.5340796,,Latin America & Caribbean,0
1977,URY,URY,Uruguay,1.2347341,17.046202,,Latin America & Caribbean,0
1980,URY,URY,Uruguay,-3.0570714,33.25169,,Latin America & Caribbean,0
1985,URY,URY,Uruguay,1.182125,19.508757,,Latin America & Caribbean,0
1990,URY,URY,Uruguay,3.6066711,-1.3016971,,Latin America & Caribbean,0
1995,URY,URY,Uruguay,.56630832,-.52277964,.0050370609,Latin America & Caribbean,0
2000,URY,URY,Uruguay,-3.9575381,8.61374,.012812393,Latin America & Caribbean,0
2005,URY,URY,Uruguay,4.5849428,-32.156353,-.004699036,Latin America & Caribbean,0
2010,URY,URY,Uruguay,3.9014628,-30.876755,-.011606752,Latin America & Caribbean,1
2015,URY,URY,Uruguay,-.082739748,-26.853884,-.0015436658,Latin America & Caribbean,1
2020,URY,URY,Uruguay,.59468943,-32.552624,,Latin America & Caribbean,1
1960,USA,USA,United States,-.44803286,28.617594,,North America,0
1965,USA,USA,United States,-.33614585,29.234541,,North America,0
1970,USA,USA,United States,-2.4131813,27.574011,-.017406,North America,0
1977,USA,USA,United States,-.44844881,24.078497,,North America,0
1980,USA,USA,United States,1.0347965,15.090816,-.012471894,North America,0
1985,USA,USA,United States,.66156608,11.898001,,North America,0
1990,USA,USA,United States,1.0728086,-5.3041463,.0046523013,North America,0
1995,USA,USA,United States,.62854648,-9.9488068,,North America,0
2000,USA,USA,United States,-.62120616,-11.465072,-.014951146,North America,0
2005,USA,USA,United States,-.79835433,-23.559006,.017505039,North America,0
2010,USA,USA,United States,.25907978,-29.901918,.0097376416,North America,1
2015,USA,USA,United States,.39077401,-25.707214,.012934058,North America,1
2020,USA,USA,United States,1.0177978,-30.607294,,North America,1
1970,VGB,VGB,,,,,Latin America & Caribbean,0
1977,VGB,VGB,,,,,Latin America & Caribbean,0
1980,VGB,VGB,,,,,Latin America & Caribbean,0
1985,VGB,VGB,,,,,Latin America & Caribbean,0
1990,VGB,VGB,,,,,Latin America & Caribbean,0
1995,VGB,VGB,,,,,Latin America & Caribbean,0
2000,VGB,VGB,,,,,Latin America & Caribbean,0
2005,VGB,VGB,,,,,Latin America & Caribbean,0
2010,VGB,VGB,,,,,Latin America & Caribbean,1
2015,VGB,VGB,,,,,Latin America & Caribbean,1
2020,VGB,VGB,,,,,Latin America & Caribbean,1
1960,VIR,VIR,Virgin Islands (U.S.),,,,Latin America & Caribbean,0
1965,VIR,VIR,Virgin Islands (U.S.),,,,Latin America & Caribbean,0
1970,VIR,VIR,Virgin Islands (U.S.),,,,Latin America & Caribbean,0
1977,VIR,VIR,Virgin Islands (U.S.),,,,Latin America & Caribbean,0
1980,VIR,VIR,Virgin Islands (U.S.),,,,Latin America & Caribbean,0
1985,VIR,VIR,Virgin Islands (U.S.),,,,Latin America & Caribbean,0
1990,VIR,VIR,Virgin Islands (U.S.),,,,Latin America & Caribbean,0
1995,VIR,VIR,Virgin Islands (U.S.),,,,Latin America & Caribbean,0
2000,VIR,VIR,United States Virgin Islands,,,,Latin America & Caribbean,0
2005,VIR,VIR,United States Virgin Islands,2.445363,,,Latin America & Caribbean,0
2010,VIR,VIR,United States Virgin Islands,-4.8422213,,,Latin America & Caribbean,1
2015,VIR,VIR,United States Virgin Islands,1.1349896,,,Latin America & Caribbean,1
2020,VIR,VIR,United States Virgin Islands,1.2618686,,,Latin America & Caribbean,1
